i,o,d,azimuth,arc,o_area,d_area,grid_dist
1,216,355,-114.288,12.5711,1.55574,1.57198,14.3165
2,117,306,-66.0343,4.55761,0.856662,0.696683,6.43215
3,315,187,69.9532,24.083,2.16993,1.01372,25.7649
4,241,420,-108.727,21.3043,1.16337,0.595007,22.4192
5,176,59,-146.726,25.4745,2.55333,1.29884,35.9349
6,84,260,22.7255,2.5652,2.02414,1.56686,3.60284
7,49,36,-173.93,14.058,2.11431,1.37207,18.29
8,95,108,8.36969,10.7842,2.22673,1.97088,14.2545
9,432,375,-133.83,18.9416,0.720339,0.739681,25.6365
10,220,392,-144.565,17.9137,1.55302,2.221,25.1887
11,333,210,27.7552,15.9648,0.442571,1.37166,22.5665
13,178,421,-72.8201,9.02933,0.841034,0.700186,12.5194
14,295,219,58.6295,25.8451,1.489,1.10468,31.8229
15,366,3,-55.3456,19.4802,0.411545,2.23449,27.4579
16,204,103,-95.5864,13.6193,1.25895,3.08273,15.8624
17,129,225,30.9006,22.195,0.559703,1.70418,31.3717
18,139,326,55.5086,15.6651,0.502924,1.63793,19.87
19,172,281,-119.387,9.15392,1.02292,0.94875,11.0606
20,312,148,97.7771,13.7303,1.37693,1.30889,18.1451
21,330,204,15.906,13.109,0.746428,1.25895,18.0335
22,224,241,163.752,6.92909,1.30501,1.16337,6.97859
23,88,419,118.274,4.93782,0.534714,0.499753,6.99448
24,136,122,-170.527,9.11974,1.87808,0.547299,12.1366
25,424,379,85.1801,2.46497,0.376448,0.55965,2.90195
26,6,119,-113.091,14.68,1.58318,0.594544,16.4554
27,418,428,-72.5855,8.2198,0.416824,1.51572,11.4085
28,412,450,-6.1512,8.79201,0.634269,1.27784,10.1421
29,263,380,-115.745,27.5428,2.75451,0.897464,31.973
30,95,371,-28.618,7.87587,2.22673,1.05725,9.41002
32,328,193,-160.393,14.2457,1.35958,1.10524,19.8528
33,121,22,-84.1964,11.7511,0.502345,1.64582,15.3023
34,73,185,56.3468,21.3909,2.8281,2.0957,26.9172
35,87,86,179.818,11.5785,1.61365,1.12296,14.2752
36,365,58,-89.4217,9.71478,0.591069,1.69359,12.1014
37,307,325,-138.618,14.2393,1.05525,1.40343,19.6925
38,257,321,-109.169,34.2138,2.53664,2.51098,36.2683
39,36,431,47.429,29.023,1.37207,0.860499,38.976
40,55,82,177.838,13.744,2.62349,1.05156,16.6084
41,149,265,99.0249,5.94425,2.86329,1.58783,7.91353
42,367,293,14.1206,11.9755,0.592287,2.59383,16.347
43,379,101,-174.542,2.15446,0.55965,0.833916,2.78922
44,450,141,-174.798,8.26976,1.27784,0.499072,10.6816
45,159,362,-162.852,17.2383,1.83512,0.616388,23.8316
46,189,394,-162.12,13.1808,2.34756,1.92365,18.2682
47,159,383,-166.851,16.457,1.83512,0.665325,22.3567
48,9,155,132.313,4.82222,2.0817,1.7136,6.64506
49,441,444,164.056,8.25459,1.83109,1.45182,8.25473
50,301,255,70.8636,30.055,1.24974,2.49985,31.7211
51,306,447,65.5046,15.7765,0.696683,1.37388,17.9783
53,46,277,-101.69,5.17255,1.16412,2.06588,5.55852
54,185,330,-165.881,18.3957,2.0957,0.746428,25.1023
55,416,165,108.019,2.95001,0.583255,0.482888,4.10295
57,105,6,74.7709,14.9774,1.05872,1.58318,15.1947
58,307,157,-156.468,8.99924,1.05525,2.53252,12.6602
59,300,76,-102.523,12.6479,1.24199,1.75694,13.393
62,285,272,-82.7659,13.3554,2.24744,1.78619,17.5736
63,410,453,47.8555,21.2247,0.371697,1.82795,28.4534
64,422,289,116.563,7.08034,0.641813,0.388329,10.0217
65,53,295,-160.767,7.10755,2.26283,1.489,9.89882
66,152,410,179.188,7.95239,2.02065,0.371697,9.73689
67,272,289,124.244,19.5796,1.78619,0.388329,27.6105
68,88,249,72.3697,20.9597,0.534714,1.52047,21.6132
69,91,357,80.7566,8.40539,0.695919,0.463599,9.35218
70,341,376,-85.9282,4.50771,0.54993,0.657116,5.79157
71,283,14,-105.38,10.2335,1.97874,1.64898,10.3544
72,376,210,56.217,20.5722,0.657116,1.37166,25.9197
73,102,215,70.4023,15.407,0.960198,1.89983,16.3949
74,203,323,-109.957,12.7569,1.07847,1.80489,13.675
75,188,92,-115.047,14.3695,0.687633,2.21385,16.5152
77,416,310,82.0056,8.27082,0.583255,1.96217,9.35107
78,271,319,-94.0123,38.8565,2.01715,2.12158,46.0419
79,81,201,65.6624,17.1879,1.81544,1.20268,19.5486
80,5,449,80.3138,19.3138,1.60997,1.67726,21.3791
81,110,112,2.43603,3.3859,0.793235,1.2982,4.27587
82,239,69,-122.114,26.6146,2.72185,0.815535,33.0792
83,256,200,-123.343,8.59577,2.46133,1.35958,10.8071
84,200,246,29.1105,12.6584,1.35958,0.717982,17.8996
86,136,67,-152.792,20.704,1.87808,2.54402,29.2557
87,175,336,-139.632,13.2593,2.4046,0.431237,18.4022
88,393,158,37.3615,15.2448,1.31808,0.870327,21.342
89,201,403,-62.0277,1.89224,1.20268,0.870607,2.68018
90,268,80,-102.411,25.9004,1.79775,1.84221,27.4231
91,203,304,-133.795,29.3916,1.07847,1.70634,39.7792
92,323,123,-179.424,13.7593,1.80489,0.710437,17.0821
93,134,174,160.358,12.7931,2.50664,0.726381,13.5947
94,371,85,21.967,10.2124,1.05725,3.06446,14.3256
95,154,17,-121.514,15.7372,0.367763,2.54829,19.4261
96,207,86,-133.063,21.6748,1.33989,1.12296,29.2187
97,427,280,30.9771,19.083,0.5004,1.20217,26.9712
98,322,386,124.867,8.11595,2.00078,0.554403,11.4335
99,428,97,130.69,5.04161,1.51572,1.2841,6.98987
100,416,73,-60.2465,11.3546,0.583255,2.8281,16.0833
101,288,77,-52.4487,10.9997,1.14456,1.59963,15.4064
102,222,208,-104.623,0.838157,1.08868,1.42226,0.85726
103,80,447,93.4943,13.6906,1.84221,1.37388,17.5114
104,175,79,-122.416,14.9604,2.4046,0.655888,18.6334
105,229,199,-170.497,16.8067,1.37489,2.00988,22.3581
107,387,230,54.3064,20.0388,0.990545,1.57041,25.6678
108,307,130,-133.011,10.4749,1.05525,2.22652,14.1157
109,218,81,-144.251,28.4467,1.38041,1.81544,39.9749
110,58,287,32.5725,15.0866,1.69359,2.13127,21.2948
111,357,1,-110.184,6.32238,0.463599,0.667705,6.79338
112,304,392,87.6256,11.6848,1.70634,2.221,14.1432
113,318,196,92.138,25.4304,2.53384,1.92511,32.1765
114,407,438,21.5675,15.9092,0.536268,0.837962,22.2924
115,73,183,105.617,15.4476,2.8281,0.96531,21.2984
116,214,249,38.1682,4.7239,1.23095,1.52047,6.60146
117,38,386,64.4439,10.4002,1.9737,0.554403,12.0052
118,315,137,64.6672,18.1504,2.16993,1.88054,20.8845
119,212,275,-104.128,26.3636,0.902772,1.13975,27.1866
120,181,208,132.436,4.6873,2.19468,1.42226,6.45776
121,135,249,59.4346,16.0304,0.487222,1.52047,19.5993
122,253,366,-142.389,22.3932,1.5057,0.411545,31.3412
123,35,346,59.8825,18.119,1.18783,1.10322,22.0314
124,76,307,37.3927,24.1294,1.75694,1.05525,33.7727
125,307,321,-117.242,26.2747,1.05525,2.51098,31.0083
126,364,310,67.7684,8.87765,0.308877,1.96217,9.82446
127,53,259,88.7166,24.2367,2.26283,1.46661,29.666
129,193,407,-116.144,6.04061,1.10524,0.536268,7.03775
130,82,242,56.9237,23.6334,1.05156,1.25847,29.5876
131,348,447,-45.4027,2.55223,1.23506,1.37388,3.48237
132,367,19,-51.9539,17.6045,0.592287,2.11967,24.623
133,414,299,-9.63438,10.3111,0.836441,2.18004,11.3557
134,8,39,152.412,6.86255,1.66732,1.10933,8.09705
135,432,173,-38.8438,1.35994,0.720339,1.51741,1.78398
136,153,75,-44.3478,13.335,1.19624,1.87882,18.0922
137,159,317,-107.916,21.6562,1.83512,2.50369,22.463
138,441,215,108.271,11.3404,1.83109,1.89983,15.7868
139,302,348,97.6989,22.2806,1.90947,1.23506,29.4307
140,86,234,44.4967,27.1624,1.12296,2.01465,37.0533
141,137,214,133.146,13.855,1.88054,1.23095,19.026
142,10,30,10.3374,11.1083,2.22261,2.54249,14.8704
143,15,339,88.3514,11.2942,2.01683,0.444211,13.7774
144,108,400,-149.278,15.1887,1.97088,1.01401,21.4689
145,88,168,78.5813,10.4472,0.534714,1.01711,11.2667
146,255,150,-81.1193,13.4754,2.49985,1.81516,17.9105
147,424,163,39.7395,17.4776,0.376448,2.48688,24.2982
148,449,91,-121.119,12.2223,1.67726,0.695919,15.0318
149,437,113,34.7071,2.48404,1.07266,0.978771,3.49749
150,116,319,-98.4557,13.9029,1.89197,2.12158,15.6296
151,452,97,-133.391,21.7692,0.726054,1.2841,29.4023
152,239,77,-122.945,25.3285,2.72185,1.59963,31.7253
153,66,370,-13.2143,11.3562,2.37246,0.921297,11.8771
154,188,119,-133.465,13.5928,0.687633,0.594544,18.362
155,198,309,-11.094,6.76551,1.85343,2.07309,7.29433
156,244,101,-128.575,25.5443,1.56793,0.833916,33.4879
157,143,0,-122.019,3.16789,0.363411,0.674357,3.92936
158,353,110,-135.707,2.38412,0.942108,0.793235,3.25593
159,262,96,-105.259,24.3647,3.08878,2.42462,24.6225
160,255,253,-17.4188,4.32746,2.49985,1.5057,4.44839
161,213,359,-84.6667,16.3963,1.57228,1.3117,21.2595
162,450,249,83.2013,13.3336,1.27784,1.52047,15.3114
163,182,42,-112.499,17.9156,1.96792,1.65002,19.9111
164,202,15,-110.068,23.6849,1.93161,2.01683,25.4268
165,436,223,72.3357,0.767449,1.14058,0.932138,0.793768
166,308,335,-147.216,20.7147,1.93637,0.429591,29.2381
167,13,86,92.8207,7.08583,1.81345,1.12296,9.01637
168,336,177,38.221,15.0937,0.431237,1.7717,21.0821
169,78,234,41.7317,30.4357,0.879978,2.01465,42.0146
170,227,337,-108.024,16.2917,1.34559,0.485477,16.9492
171,445,251,61.6334,15.4907,0.932443,2.17766,18.5048
172,97,170,59.2768,9.97697,1.2841,0.560438,12.2129
173,155,36,-125.826,17.1269,1.7136,1.37207,21.9706
174,253,410,-144.599,22.2547,1.5057,0.371697,31.2972
175,0,139,52.1164,1.31812,0.674357,0.502924,1.71762
176,260,30,-101.572,28.2505,1.56686,2.54249,30.3062
177,122,394,134.604,6.01801,0.547299,1.92365,8.20717
178,140,352,-147.775,6.17739,1.20027,0.584284,8.72317
179,417,335,-93.1036,3.91547,0.3888,0.429591,4.69687
180,239,323,-109.892,17.7106,2.72185,1.80489,18.9784
181,438,22,-126.98,26.9496,0.837962,1.64582,34.903
182,230,349,-149.471,10.2489,1.57041,0.917168,14.4894
183,377,339,63.0086,2.51664,0.751816,0.444211,2.95781
184,55,217,80.9163,18.522,2.62349,0.925552,20.6562
185,314,298,62.3236,21.0543,1.39732,0.995029,24.9215
186,64,275,-107.623,7.73629,1.52754,1.13975,7.97451
187,181,115,-48.1771,9.76725,2.19468,2.23047,13.4901
188,275,231,80.7281,27.4616,1.13975,0.854883,30.5749
190,162,58,-92.4484,12.4389,0.619892,1.69359,15.0247
191,136,155,162.688,6.18059,1.87808,1.7136,6.3274
192,14,27,19.3438,4.75151,1.64898,2.13493,6.62049
193,179,403,122.038,1.13543,1.13492,0.870607,1.6062
194,123,358,-2.75405,5.1457,0.710437,0.894648,6.17615
195,286,349,133.397,13.1477,2.28737,0.917168,18.0316
196,263,117,-121.32,26.2307,2.75451,0.856662,32.3667
197,29,325,58.0001,11.0705,2.01379,1.40343,13.7145
198,211,115,-94.6596,6.7408,0.87991,2.23047,7.94022
199,266,30,-104.112,23.2779,0.906396,2.54249,24.0068
201,255,378,-120.128,25.7878,2.49985,0.483672,31.4326
202,190,13,-114.973,23.3349,1.57965,1.81345,26.7958
203,243,271,52.6726,10.1936,2.18563,2.01715,13.2424
204,15,116,42.3173,15.3326,2.01683,1.89197,21.1116
205,158,151,-101.593,5.08024,0.870327,2.26984,5.4546
206,445,216,50.1298,12.9291,0.932443,1.55574,17.087
207,113,439,-64.0092,3.90186,0.978771,0.838168,5.51972
208,64,3,-91.3328,7.22456,1.52754,2.23449,8.83699
209,367,229,29.5177,21.9053,0.592287,1.37489,30.9744
210,165,433,13.4146,14.0664,0.482888,0.912284,19.1334
211,406,208,55.5354,9.9578,0.414504,1.42226,12.6297
212,372,65,-172.125,4.86049,1.09844,1.85623,6.40415
213,217,93,-127.799,21.2466,0.925552,0.931073,27.6916
214,322,362,113.331,6.68234,2.00078,0.616388,9.42192
215,400,447,56.9443,22.3527,1.01401,1.37388,27.9678
216,376,355,69.8004,7.19245,0.657116,1.57198,7.72088
217,394,156,-5.34401,5.90052,1.92365,1.60087,6.87263
218,173,20,-109.111,17.512,1.51741,2.62577,18.5198
219,427,86,-107.062,3.5186,0.5004,1.12296,3.59561
220,42,85,20.1129,14.569,1.65002,3.06446,20.3433
222,430,375,-129.002,20.9401,0.855161,0.739681,27.5236
223,364,178,73.0633,4.65577,0.308877,0.841034,4.75095
224,7,401,112.254,22.7529,2.64471,0.703904,32.0197
225,219,325,-132.954,17.1716,1.10468,1.40343,23.1362
226,67,59,3.85207,2.83206,2.54402,1.29884,3.62112
227,269,137,-97.4186,13.0054,0.872352,1.88054,14.7945
228,169,141,-144.686,9.31025,1.66194,0.499072,13.0929
229,59,104,21.8461,12.3678,1.29884,1.48667,17.3443
230,7,186,117.547,23.4403,2.64471,1.17155,33.1973
231,332,146,-6.48242,13.6265,0.341666,2.00477,15.653
232,402,187,-0.160233,11.563,0.64215,1.01372,14.2434
235,103,72,-172.169,17.5835,3.08273,0.812467,23.1575
236,432,53,-104.87,15.951,0.720339,2.26283,16.2564
237,422,1,146.698,3.83939,0.641813,0.667705,4.80999
238,349,99,-101.026,12.8403,0.917168,1.04803,13.9057
239,176,178,177.203,16.9798,2.55333,0.841034,20.3571
240,102,275,-59.5659,12.4621,0.960198,1.13975,17.6471
241,417,98,-49.3523,7.29365,0.3888,1.31794,10.1165
242,146,246,80.2047,14.1202,2.00477,0.717982,15.5771
243,140,275,-83.8,15.3153,1.20027,1.13975,20.0005
244,285,370,-117.291,8.26331,2.24744,0.921297,9.74776
245,280,375,-135.749,20.1646,1.20217,0.739681,27.5534
246,70,356,64.2636,12.916,1.2516,1.09758,14.9481
247,317,293,88.3696,21.5811,2.50369,2.59383,26.3416
248,125,171,74.011,6.01743,2.08132,2.37226,6.03994
249,35,450,40.0442,16.0313,1.18783,1.27784,22.2631
250,126,375,-89.3961,5.8234,0.434154,0.739681,7.25671
251,235,76,-131.469,27.1515,1.39659,1.75694,36.2724
252,104,6,80.2943,14.8977,1.48667,1.58318,16.466
253,84,229,-36.0862,7.70124,2.02414,1.37489,9.89977
254,86,20,-22.2466,12.2761,1.12296,2.62577,13.5408
255,218,386,-149.462,24.3607,1.38041,0.554403,34.4392
256,277,49,38.2264,8.4077,2.06588,2.11431,11.7392
257,158,319,-101.006,25.2125,0.870327,2.12158,27.3075
258,257,59,-127.855,32.15,2.53664,1.29884,41.9338
259,18,217,61.1672,27.7487,1.84612,0.925552,33.2718
260,188,258,69.4164,9.10776,0.687633,0.83414,9.85111
261,434,184,41.3895,3.37434,1.07103,1.09386,4.66636
262,451,358,-112.353,10.7299,1.3233,0.894648,11.9028
263,365,174,40.4224,7.43968,0.591069,0.726381,10.3217
264,81,311,48.7765,21.0059,1.81544,1.56009,27.9914
265,293,116,-70.8736,7.05402,2.59383,1.89197,9.84522
268,424,393,70.6877,6.17996,0.376448,1.31808,6.54469
269,450,416,172.326,6.23656,1.27784,0.583255,7.05746
270,68,305,-48.9125,5.50509,1.07278,1.46521,7.62092
271,253,34,-113.913,27.8703,1.5057,2.26404,31.599
272,122,375,-97.1033,6.24337,0.547299,0.739681,7.14291
274,216,442,-108.168,15.0156,1.55574,1.03723,15.6573
275,36,96,25.6779,15.9956,1.37207,2.42462,22.575
276,242,284,-126.966,19.2626,1.25847,0.522377,24.9527
277,174,352,-102.936,8.26403,0.726381,0.584284,8.6946
278,185,224,148.824,3.8157,2.0957,1.30501,4.69021
279,185,146,-119.524,9.69539,2.0957,2.00477,11.7368
280,219,228,170.779,5.39239,1.10468,1.10258,5.96996
282,400,142,51.802,14.6465,1.01401,1.42327,19.1172
283,63,24,-161.254,15.4151,2.01899,1.31149,21.4356
284,196,33,-104.379,19.6992,1.92511,1.50814,20.237
285,118,267,90.9978,21.3476,1.94024,2.46927,26.7022
286,329,436,22.4272,14.2183,0.651551,1.14058,19.9605
287,371,203,55.7445,22.807,1.05725,1.07847,28.851
288,298,50,-124.251,18.6714,0.995029,0.834076,23.6445
289,70,179,60.94,16.8678,1.2516,1.13492,20.2848
290,166,278,-78.514,19.37,0.857722,2.04678,26.1647
292,120,9,162.797,6.00753,2.06116,2.0817,6.13605
293,282,184,44.2347,18.4557,1.23016,1.09386,25.209
294,279,425,-122.085,21.1683,1.53179,0.521493,26.302
295,3,389,120.848,21.9963,2.23449,1.21783,31.1398
296,289,11,-69.0704,15.2908,0.388329,1.46246,21.4486
297,34,384,114.044,15.0699,2.26404,0.557479,21.2729
299,42,365,101.172,10.5299,1.65002,0.591069,14.2089
300,400,103,20.6373,18.1211,1.01401,3.08273,25.3396
301,416,274,-78.8338,16.4401,0.583255,1.58257,22.1709
302,126,382,92.1362,2.10853,0.434154,0.749775,2.66471
303,194,428,-129.903,20.9205,0.952134,1.51572,27.6648
304,49,276,-116.429,5.00784,2.11431,1.02744,5.84315
305,453,28,-110.103,31.6546,1.82795,1.11409,34.0401
306,394,428,-76.1263,11.2828,1.92365,1.51572,15.4296
307,409,260,48.6994,18.7933,0.633566,1.56686,25.0679
308,382,385,-159.882,3.91951,0.749775,1.08795,5.47174
309,29,406,89.1201,13.0252,2.01379,0.414504,16.011
310,16,244,51.9326,33.8254,1.12874,1.56793,44.1092
311,208,13,-105.467,24.3621,1.42226,1.81345,24.564
312,406,416,-14.5333,1.08449,0.414504,0.583255,1.10889
313,37,227,68.4685,24.0216,1.88734,1.34559,26.2827
314,231,374,-120.436,24.7668,0.854883,1.72157,30.2721
315,180,331,-169.734,16.2108,1.22113,0.714522,21.6691
316,14,58,155.984,10.1563,1.64898,1.69359,11.4659
318,386,177,29.9051,17.0669,0.554403,1.7717,24.1311
319,325,148,111.941,3.5695,1.40343,1.30889,5.01901
320,133,336,-156.155,4.13928,1.10109,0.431237,5.82679
321,170,447,31.4773,5.2652,0.560438,1.37388,7.4398
322,365,253,36.7775,24.4061,0.591069,1.5057,34.2165
324,248,382,-125.057,15.9138,1.60443,0.749775,20.3034
326,341,123,175.663,3.01458,0.54993,0.710437,3.55494
327,57,61,175.485,4.49101,1.56687,0.631792,5.28846
329,380,251,66.818,21.9703,0.897464,2.17766,24.6128
330,376,124,119.387,6.3448,0.657116,0.561576,8.98762
331,357,394,162.847,3.1649,0.463599,1.92365,3.23223
332,76,355,42.239,10.3008,1.75694,1.57198,14.191
333,85,168,134.75,13.1412,3.06446,1.01711,17.9058
334,134,342,-170.101,13.7186,2.50664,0.647644,18.3046
336,228,447,-139.383,6.43461,1.10258,1.37388,8.92465
337,61,76,36.0511,2.43594,0.631792,1.75694,3.41972
338,390,445,-106.944,2.66169,0.918978,0.932443,2.71737
339,291,287,-24.8417,6.21431,1.75412,2.13127,7.10322
340,9,27,-73.6842,11.2013,2.0817,2.13493,15.4832
341,213,79,-92.872,17.2655,1.57228,0.655888,20.7446
342,272,237,96.7944,28.9416,1.78619,1.51771,37.9961
343,449,113,49.0404,12.3874,1.67726,0.978771,16.4897
344,103,341,165.668,10.2464,3.08273,0.54993,10.5217
346,300,138,-32.4033,9.6702,1.24199,1.70384,12.0245
347,109,117,170.469,6.3687,0.949118,0.856662,7.03259
348,77,302,-61.3,7.1186,1.59963,1.90947,10.084
349,366,300,88.1462,4.06507,0.411545,1.24199,4.94203
350,26,271,79.2923,34.9287,1.11083,2.01715,38.0955
352,401,326,43.7208,7.68004,0.703904,1.63793,10.5202
353,195,409,-99.5918,4.74452,1.31998,0.633566,5.24499
354,202,72,-132.221,21.9748,1.93161,0.812467,29.481
356,129,453,52.8716,22.6329,0.559703,1.82795,29.3294
357,201,362,-103.849,12.3058,1.20268,0.616388,12.7508
358,93,140,56.6681,7.02324,0.931073,1.20027,8.81373
359,258,169,-134.694,14.1775,0.83414,1.66194,19.2822
360,204,452,102.271,3.31815,1.25895,0.726054,4.50056
361,63,291,128.8,11.9485,2.01899,1.75412,16.6717
362,161,181,154.257,4.3779,2.81618,2.19468,5.063
363,157,54,-71.0594,14.0781,2.53252,2.12283,19.6371
364,435,99,-139.492,18.7563,0.938486,1.04803,26.0193
365,305,346,72.8237,19.3592,1.46521,1.10322,19.7943
366,15,252,64.7353,16.8258,2.01683,2.06265,19.3482
367,127,251,60.3752,19.0128,0.431199,2.17766,23.017
368,61,170,60.4845,15.1456,0.631792,0.560438,18.3017
369,380,54,-18.7334,12.9203,0.897464,2.12283,13.5253
370,178,55,-44.8459,18.6163,0.841034,2.62349,25.3266
371,407,307,16.745,16.3043,0.536268,1.05525,22.5061
372,95,288,82.9845,7.30741,2.22673,1.14456,8.37353
373,69,50,-108.554,1.65902,0.815535,0.834076,1.73593
374,118,430,90.5783,10.9241,1.94024,0.855161,13.6103
375,293,53,-87.8083,12.6823,2.59383,2.26283,16.029
376,330,375,-85.5582,12.3209,0.746428,0.739681,15.8695
377,80,427,158.489,8.90566,1.84221,0.5004,9.72123
378,369,249,50.5228,15.3617,0.435982,1.52047,20.2493
379,448,166,151.786,2.94464,1.17333,0.857722,3.50544
380,222,428,-104.83,19.1943,1.08868,1.51572,19.563
381,417,414,94.6702,5.83908,0.3888,0.836441,7.53688
382,315,82,128.847,11.3597,2.16993,1.05156,15.8443
383,38,105,30.2736,14.4668,1.9737,1.05872,20.4514
384,262,436,-106.444,8.15422,3.08878,1.14058,8.27359
385,118,235,88.9463,15.1301,1.94024,1.39659,18.5512
386,392,275,-53.3024,19.2529,2.221,1.13975,27.0225
387,154,108,-39.2601,9.59174,0.367763,1.97088,12.6159
389,451,307,0.632079,8.11842,1.3233,1.05525,10.0768
390,150,146,-136.533,2.4908,1.81516,2.00477,3.41512
391,200,440,27.1694,12.2288,1.35958,0.664025,17.2797
392,345,376,-104.434,4.24369,0.62956,0.657116,4.36243
393,292,9,-10.2695,8.71681,0.361574,2.0817,9.52098
394,282,284,137.716,3.50515,1.23016,0.522377,4.69936
395,358,216,66.8511,14.9218,0.894648,1.55574,16.7145
396,98,399,-170.534,11.0241,1.31794,1.42578,14.6742
397,181,209,50.8724,4.46875,2.19468,1.63418,5.87814
398,127,329,80.6227,7.24776,0.431199,0.651551,8.04505
399,39,442,74.132,8.38822,1.10933,1.03723,8.42534
400,59,402,64.3931,17.7539,1.29884,0.64215,20.5125
401,70,370,-12.1553,8.72006,1.2516,0.921297,9.27223
402,340,173,33.6173,17.1436,0.615105,1.51741,24.1705
403,446,431,26.0843,11.0523,1.1571,0.860499,15.6036
404,225,304,-134.904,31.5165,1.70418,1.70634,42.899
405,105,37,-141.578,10.8988,1.05872,1.88734,15.2133
406,203,366,-153.093,19.4091,1.07847,0.411545,27.4198
407,125,1,-160.052,8.24593,2.08132,0.667705,11.5064
408,307,203,71.8776,2.49765,1.05525,1.07847,2.60129
409,256,298,-64.4118,11.1763,2.46133,0.995029,15.8037
410,303,191,62.2761,22.2952,1.72993,2.08683,26.4057
411,173,411,-165.763,17.0954,1.51741,0.38225,23.3443
412,123,377,-58.0588,2.47489,0.710437,0.751816,3.50099
413,217,320,-121.334,30.2849,0.925552,2.87325,37.3469
414,415,133,-25.9502,4.56119,0.380204,1.10109,5.28608
415,344,28,-86.8489,6.87717,0.800883,1.11409,8.7702
416,210,320,-118.026,28.1992,1.37166,2.87325,33.5859
417,17,28,-6.06171,10.3897,2.54829,1.11409,12.0139
418,364,267,48.7003,23.8621,0.308877,2.46927,31.8265
419,171,247,60.7779,10.1065,2.37226,1.26248,12.1902
420,167,118,-18.5418,16.475,0.635606,1.94024,17.2143
421,91,398,-139.043,5.75221,0.695919,1.57458,7.96364
422,377,398,-131.309,7.29671,0.751816,1.57458,9.72886
423,245,145,-139.217,19.9068,0.875738,0.418405,27.5954
424,270,410,-141.879,23.353,2.4,0.371697,32.6427
425,175,308,15.8314,7.40707,2.4046,1.93637,10.1862
426,213,447,-41.963,4.62321,1.57228,1.37388,6.19149
427,309,282,-140.514,18.3797,2.07309,1.23016,25.5833
429,432,450,-143.008,9.4712,0.720339,1.27784,13.2732
430,239,150,-105.475,12.262,2.72185,1.81516,12.3533
432,315,283,74.0319,12.1956,2.16993,1.97874,12.2361
433,415,287,-12.7083,10.6523,0.380204,2.13127,11.2178
435,332,399,-120.419,10.8408,0.341666,1.42578,13.2366
436,19,279,86.763,27.6118,2.11967,1.53179,33.1164
437,412,277,-75.6053,17.4883,0.634269,2.06588,23.9751
438,393,132,146.879,2.02998,1.31808,0.753028,2.53986
439,238,235,5.32502,8.88468,1.17442,1.39659,11.4783
440,141,39,-69.863,11.729,0.499072,1.10933,16.4189
441,84,2,-95.7174,31.9212,2.02414,1.51429,37.0903
442,23,256,73.7179,29.9005,1.4537,2.46133,30.1116
443,14,267,77.6794,33.7818,1.64898,2.46927,35.9732
444,197,191,-169.426,10.8526,0.83963,2.08683,14.5331
445,56,72,173.728,17.3478,1.78471,0.812467,20.0044
446,311,58,-120.633,22.3365,1.56009,1.69359,27.3501
447,40,453,86.7595,29.0482,2.27091,1.82795,34.8321
448,173,427,-151.904,18.2325,1.51741,0.5004,25.7749
449,370,34,-32.3856,1.88494,0.921297,2.26404,2.34051
450,425,317,-55.5534,17.6025,0.521493,2.50369,24.8181
451,62,158,58.1612,18.9997,1.69933,0.870327,23.5078
452,137,30,-119.283,13.2883,1.88054,2.54249,16.0318
453,98,335,161.893,5.22942,1.31794,0.429591,5.41968
454,335,49,-37.6168,11.1402,0.429591,2.11431,14.4729
455,437,231,-15.401,0.866581,1.07266,0.854883,0.871838
456,232,428,-107.911,20.8017,1.32529,1.51572,21.6029
457,204,155,-140.749,10.0441,1.25895,1.7136,13.9916
458,410,159,2.4036,16.9086,0.371697,1.83512,21.3389
459,202,84,73.9117,7.4502,1.93161,2.02414,7.50215
460,290,27,-89.1408,13.4197,2.51167,2.13493,16.7589
461,401,306,-98.3525,14.5399,0.703904,0.696683,16.3494
462,186,193,21.947,3.10464,1.17155,1.10524,4.35374
463,356,85,-36.5037,14.9999,1.09758,3.06446,19.3292
464,283,226,97.9114,15.2822,1.97874,1.85914,20.205
465,413,87,-56.722,17.2612,1.40223,1.61365,24.3841
466,309,117,-152.306,21.3783,2.07309,0.856662,30.2166
467,135,400,-115.999,12.794,0.487222,1.01401,14.8665
468,79,236,68.7587,21.035,0.655888,1.59041,22.9308
469,194,448,-153.604,10.8888,0.952134,1.17333,15.3767
470,267,382,-124.728,22.8538,2.46927,0.749775,29.0897
471,340,284,110.119,1.85673,0.615105,0.522377,2.59929
472,54,144,135.547,13.8135,2.12283,0.987665,18.7417
473,370,381,102.507,9.39307,0.921297,0.856569,12.7658
474,17,282,29.7686,12.8405,2.54829,1.23016,18.1547
475,261,418,-127.731,21.9146,2.80345,0.416824,28.5596
476,93,286,22.208,7.8117,0.931073,2.28737,10.9631
477,182,36,-122.524,21.3947,1.96792,1.37207,26.6752
478,417,37,-107.071,11.8575,0.3888,1.88734,12.1252
479,306,137,29.6039,16.0055,0.696683,1.88054,22.6308
480,4,197,71.8627,25.6009,0.971957,0.83963,26.5854
481,32,18,-30.5445,4.73355,1.66754,1.84612,5.77037
482,402,58,-107.584,17.5432,0.64215,1.69359,18.1097
483,284,390,75.5152,6.31791,0.522377,0.918978,6.48884
485,294,446,-148.55,13.3102,1.35413,1.1571,18.8089
486,319,21,141.666,6.17045,2.12158,1.22852,8.05244
487,417,46,-74.2308,11.2563,0.3888,1.16412,15.5243
489,176,315,-116.497,23.0367,2.55333,2.16993,26.944
491,422,225,44.8985,23.7651,0.641813,1.70418,32.357
493,100,105,12.7056,4.7367,0.735432,1.05872,6.42232
494,263,271,72.133,2.55882,2.75451,2.01715,2.65856
495,274,194,66.0582,25.0186,1.58257,0.952134,28.2817
496,159,256,115.913,14.8395,1.83512,2.46133,20.9927
497,223,115,-85.0911,12.5184,0.932138,2.23047,16.1764
498,306,314,-53.914,7.1505,0.696683,1.39732,10.0487
499,118,142,169.019,11.1248,1.94024,1.42327,12.0298
500,291,403,102.762,6.82892,1.75412,0.870607,9.2889
501,130,199,132.518,12.0219,2.22652,2.00988,16.5529
502,442,115,12.7182,10.2527,1.03723,2.23047,13.9011
503,15,355,74.4138,13.6725,2.01683,1.57198,13.8049
504,112,152,75.2772,5.1543,1.2982,2.02065,5.27336
505,369,96,-31.9647,12.7902,0.435982,2.42462,15.8329
506,410,7,-52.3806,19.6818,0.371697,2.64471,27.5615
507,280,193,173.252,12.7744,1.20217,1.10524,14.619
508,121,425,-56.633,2.81109,0.502345,0.521493,3.97014
509,401,318,-77.9325,25.0606,0.703904,2.53384,33.9545
510,206,74,-70.4837,16.8036,1.35894,1.84235,23.4766
511,133,97,-157.551,7.55176,1.10109,1.2841,10.6028
512,36,288,78.2384,13.9667,1.37207,1.14456,14.9957
513,221,330,-119.724,7.21913,1.19522,0.746428,8.75877
514,162,254,35.7074,22.4199,0.619892,1.33075,31.5051
515,22,383,85.0048,11.7656,1.64582,0.665325,13.8308
516,27,346,113.378,19.7382,2.13493,1.10322,27.8342
517,40,280,77.449,18.5527,2.27091,1.20217,19.6798
518,40,180,76.4079,20.996,2.27091,1.22113,21.9085
519,305,267,62.9068,35.7591,1.46521,2.46927,42.0451
520,159,337,-156.793,16.6243,1.83512,0.485477,23.3745
521,302,152,93.9723,14.7495,1.90947,2.02065,18.9487
522,290,376,-138.333,12.5249,2.51167,0.657116,17.299
523,401,346,-47.455,1.84593,0.703904,1.10322,2.54205
524,220,143,-140.812,14.8209,1.55302,0.363411,20.6507
526,340,236,62.0906,19.0158,0.615105,1.59041,22.5881
528,353,357,129.144,5.0477,0.942108,0.463599,7.03671
529,405,208,69.3108,5.94705,0.663035,1.42226,6.44015
530,416,139,-132.485,2.32944,0.583255,0.502924,3.12875
531,96,449,111.865,9.81155,2.42462,1.67726,13.7943
532,113,50,-113.569,25.4185,0.978771,0.834076,28.6858
533,199,374,-91.7181,17.9378,2.00988,1.72157,21.8234
534,336,366,103.699,4.01434,0.431237,0.411545,5.48656
535,147,292,-171.497,9.56729,2.72202,0.361574,12.6524
536,238,96,-78.4544,17.3847,1.17442,2.42462,23.4828
537,348,87,-72.5802,16.3707,1.23506,1.61365,22.7158
539,325,428,-128.949,7.59262,1.40343,1.51572,9.96928
540,305,337,72.4473,8.99572,1.46521,0.485477,9.2554
541,364,65,-92.1213,9.85343,0.308877,1.85623,11.9448
542,176,34,-124.518,19.1755,2.55333,2.26404,24.3375
543,164,119,-106.113,6.50316,1.78883,0.594544,6.54538
544,96,46,-137.02,8.1851,2.42462,1.16412,11.2425
546,65,196,62.86,18.7243,1.85623,1.92511,22.0363
547,1,59,-121.77,6.07863,0.667705,1.29884,7.51835
548,395,309,25.4917,18.1779,0.62962,2.07309,25.6481
549,97,27,-29.6423,16.4672,1.2841,2.13493,19.8978
550,186,188,-1.28582,12.8286,1.17155,0.687633,15.625
551,366,256,56.0937,17.8759,0.411545,2.46133,22.5615
553,212,55,-95.8612,17.8342,0.902772,2.62349,20.6975
554,247,252,-112.792,12.9069,1.26248,2.06265,14.4153
555,433,64,-100.044,15.4166,0.912284,1.52754,16.9335
556,240,155,-134.752,16.4639,1.26368,1.7136,22.3968
557,23,163,51.9478,21.2928,1.4537,2.48688,27.7607
558,395,432,27.8504,15.2231,0.62962,0.720339,21.519
559,327,174,-154.842,17.3988,2.56219,0.726381,24.5361
560,446,342,-113.692,7.16953,1.1571,0.647644,8.09595
561,220,39,-111.828,23.5535,1.55302,1.10933,25.9477
562,218,189,-158.423,8.74207,1.38041,2.34756,12.2482
563,42,324,52.1963,10.3216,1.65002,1.60028,13.4343
564,216,142,-118.119,12.61,1.55574,1.42327,15.0364
565,78,126,44.9748,8.75358,0.879978,0.434154,11.9123
566,376,370,-50.0939,3.56174,0.657116,0.921297,4.95196
567,363,358,7.1488,6.73208,1.31235,0.894648,8.82362
568,52,137,58.3669,11.2774,2.98113,1.88054,13.9247
569,193,166,-112.638,3.72772,1.10524,0.857722,4.15189
570,445,432,21.0807,13.9938,0.932443,0.720339,19.5858
571,16,421,46.3698,12.3024,1.12874,0.700186,16.6185
572,68,159,26.8987,24.2476,1.07278,1.83512,34.2579
573,144,69,-77.5614,8.417,0.987665,0.815535,11.4302
574,190,129,-138.045,12.0298,1.57965,0.559703,16.6005
575,258,76,-130.604,29.6677,0.83414,1.75694,39.4267
576,53,104,124.86,5.89731,2.26283,1.48667,8.30807
577,208,55,-65.6642,18.8303,1.42226,2.62349,26.586
578,170,327,24.7787,18.4833,0.560438,2.56219,26.0547
579,162,301,-71.9371,16.0277,0.619892,1.24974,22.2936
580,319,49,98.588,6.76178,2.12158,2.11431,8.98615
581,27,306,155.602,12.3604,2.13493,0.696683,14.0269
582,266,364,-144.973,18.2305,0.906396,0.308877,25.6535
583,182,334,-122.674,12.0228,1.96792,0.373082,15.0114
584,325,245,59.245,17.6987,1.40343,0.875738,21.6771
585,452,7,-92.437,25.4829,0.726054,2.64471,30.758
586,308,60,-144.362,29.5498,1.93637,1.63564,41.5318
587,312,454,71.5622,27.8077,1.37693,0.969905,29.028
588,144,154,135.119,3.06405,0.987665,0.367763,4.16819
589,439,17,-137.951,31.7779,0.838168,2.54829,43.8389
590,92,224,65.5795,19.3601,2.21385,1.30501,22.0434
591,405,154,-145.494,3.50283,0.663035,0.367763,4.93272
592,91,310,81.5411,15.8985,0.695919,1.96217,17.8793
593,198,259,89.4038,6.80748,1.85343,1.46661,8.37799
594,121,46,-57.7961,10.8113,0.502345,1.16412,15.2899
595,301,217,61.6506,26.6392,1.24974,0.925552,31.7742
596,64,237,102.025,21.2437,1.52754,1.51771,28.7969
597,285,4,-92.5507,12.4943,2.24744,0.971957,15.0818
599,390,32,-103.898,15.1457,0.918978,1.66754,15.6927
600,114,369,-150.549,7.34245,1.6684,0.435982,10.3822
601,441,317,-94.9695,17.5055,1.83109,2.50369,20.5582
602,359,30,-59.9533,5.55,1.3117,2.54249,7.86039
603,360,106,101.007,2.12488,1.05659,0.966679,2.86402
604,431,187,-90.8808,2.62171,0.860499,1.01372,3.2169
605,167,427,-86.4398,6.32435,0.635606,0.5004,8.08831
606,199,307,-4.45148,15.3552,2.00988,1.05525,18.0641
607,258,321,-111.367,33.4785,0.83414,2.51098,36.6623
608,114,112,-85.6855,8.8568,1.6684,1.2982,11.3954
609,156,221,88.4546,8.62403,1.60087,1.19522,10.5169
610,40,356,124.259,18.3578,2.27091,1.09758,25.8887
611,373,148,85.4798,8.03381,1.0714,1.30889,9.49062
612,57,236,63.6165,24.2427,1.56687,1.59041,28.2758
613,62,375,165.747,3.76768,1.69933,0.739681,3.87568
614,24,300,84.2069,18.3719,1.31149,1.24199,21.3923
615,409,122,-75.3431,4.11444,0.633566,0.547299,5.64709
616,301,381,95.0827,11.882,1.24974,0.856569,15.3993
617,286,129,167.465,10.6966,2.28737,0.559703,11.3002
618,44,237,86.1341,23.5112,1.61248,1.51771,27.9939
619,312,3,-29.9794,5.42674,1.37693,2.23449,6.57584
620,33,244,62.9859,28.9677,1.50814,1.56793,34.0341
621,325,451,74.4608,9.65706,1.40343,1.3233,9.74211
622,317,395,115.533,19.1169,2.50369,0.62962,27.037
623,53,139,141.561,14.2847,2.26283,0.502924,18.6654
624,20,390,116.757,16.7325,2.62577,0.918978,23.6875
625,384,398,-109.37,13.6443,0.557479,1.57458,14.4818
626,312,394,117.468,17.3247,1.37693,1.92365,24.535
627,233,65,-104.265,20.4838,2.00135,1.85623,21.0738
628,446,391,-138.663,10.1866,1.1571,1.30558,14.0886
629,306,307,42.7253,21.4039,0.696683,1.05525,29.4292
630,64,312,-137.057,6.64906,1.52754,1.37693,9.13316
631,248,444,-121.901,14.0549,1.60443,1.45182,17.432
632,93,263,69.7326,26.8202,0.931073,2.75451,28.8264
633,81,188,36.3025,21.8888,1.81544,0.687633,30.7151
635,310,326,26.0785,6.84745,1.96217,1.63793,9.66683
636,294,445,-144.486,18.1387,1.35413,0.932443,25.502
637,423,17,-169.621,6.62417,1.12442,2.54829,8.8685
638,121,70,-106.367,7.02244,0.502345,1.2516,7.09416
639,220,26,-102.007,23.6648,1.55302,1.11083,25.2398
640,194,35,-137.176,26.4018,0.952134,1.18783,36.3056
641,384,222,53.2408,9.65156,0.557479,1.08868,12.4744
642,24,269,55.9466,32.4131,1.31149,0.872352,40.9172
643,41,77,172.884,5.07723,1.61688,1.59963,5.7919
644,376,261,68.5417,26.1177,0.657116,2.80345,28.5604
645,239,11,-116.682,31.6932,2.72185,1.46246,37.1868
646,378,341,67.3571,4.05317,0.483672,0.54993,4.50678
647,159,185,72.0787,7.16711,1.83512,2.0957,7.43519
648,330,52,-59.8852,15.8402,0.746428,2.98113,22.4348
649,322,130,51.5449,10.7741,2.00078,2.22652,14.0916
650,447,53,-78.0136,16.7883,1.37388,2.26283,22.7368
651,409,199,92.9334,5.83953,0.633566,2.00988,7.42908
652,20,440,76.9168,26.0796,2.62577,0.664025,27.4336
653,197,125,-130.914,13.7774,0.83963,2.08132,18.3395
654,21,184,62.2903,24.0149,1.22852,1.09386,28.4363
655,178,128,-82.4843,7.31116,0.841034,0.507688,9.63477
656,177,356,-165.495,11.2867,1.7717,1.09758,15.4309
657,387,332,76.3381,7.00863,0.990545,0.341666,7.29802
658,384,250,40.511,16.7288,0.557479,1.59183,23.2048
659,246,328,-69.6025,2.07225,0.717982,1.35958,2.90205
660,159,309,72.3231,4.64389,1.83512,2.07309,4.79843
661,119,113,58.432,19.7108,0.594544,0.978771,24.3345
662,437,261,94.4997,5.02776,1.07266,2.80345,6.47577
663,231,46,-112.298,24.208,0.854883,1.16412,26.8487
665,325,172,115.385,8.0638,1.40343,1.02292,11.4015
666,273,277,167.035,6.70845,1.6472,2.06588,7.05278
667,266,190,-138.238,6.41218,0.906396,1.57965,8.85662
668,250,164,-122.937,12.7678,1.59183,1.78883,15.9905
669,370,30,-16.3813,3.54954,0.921297,2.54249,3.57161
670,177,38,-137.021,26.2976,1.7717,1.9737,36.1363
671,206,226,25.5951,4.83672,1.35894,1.85914,6.82468
672,58,413,81.2831,17.7249,1.69359,1.40223,19.872
673,447,303,-122.237,23.1575,1.37388,1.72993,28.7974
674,406,415,-60.3919,0.981458,0.414504,0.380204,1.39025
675,411,416,5.89815,1.76589,0.38225,0.583255,2.29295
676,259,199,-147.269,11.9894,1.46661,2.00988,16.9252
677,160,192,131.438,5.51351,2.32924,1.34531,7.62588
678,181,60,-132.957,21.691,2.19468,1.63564,29.2187
679,21,245,70.8198,27.8699,1.22852,0.875738,29.4324
680,146,348,135.564,11.6609,2.00477,1.23506,15.8276
681,224,45,-120.988,24.8151,1.30501,1.86499,30.4985
682,270,205,-146.558,12.5217,2.4,1.89795,17.663
683,256,11,-99.9525,30.167,2.46133,1.46246,33.1447
684,359,88,-176.121,2.81512,1.3117,0.534714,3.59948
685,360,382,113.003,6.93527,1.05659,0.749775,9.7726
686,348,367,-128.652,10.8826,1.23506,0.592287,14.2693
687,407,373,-72.6646,9.85666,0.536268,1.0714,13.6754
688,267,105,-110.279,24.9524,2.46927,1.05872,26.9098
689,59,111,17.5327,18.3895,1.29884,1.63083,25.4675
690,208,236,30.5753,5.62206,1.42226,1.59041,7.94811
691,19,268,82.3714,32.3986,2.11967,1.79775,36.8661
692,339,99,-124.689,4.46738,0.444211,1.04803,5.67512
693,335,20,-39.1661,12.2251,0.429591,2.62577,16.0632
694,187,106,-136.035,15.5635,1.01372,0.966679,21.2949
695,109,265,64.377,14.43,0.949118,1.58783,16.6847
696,66,146,21.977,21.7371,2.37246,2.00477,30.492
697,378,237,72.3295,20.2968,0.483672,1.51771,20.9429
698,41,282,157.45,7.05053,1.61688,1.23016,7.80921
699,391,373,-37.5943,7.8339,1.30558,1.0714,10.1768
700,155,215,75.4891,8.26482,1.7136,1.89983,8.47934
701,399,89,4.14132,6.17753,1.42578,0.707871,7.91618
702,61,347,61.688,16.8929,0.631792,0.85604,20.1475
703,190,206,162.794,5.56614,1.57965,1.35894,5.69424
704,359,177,59.3316,14.4869,1.3117,1.7717,17.7212
705,274,437,73.2729,28.1491,1.58257,1.07266,28.5566
706,362,190,47.8308,13.5906,0.616388,1.57965,18.2172
707,1,80,-16.3289,9.40426,0.667705,1.84221,9.46263
708,441,40,-84.998,10.8825,1.83109,2.27091,14.0839
709,58,441,34.738,15.8272,1.69359,1.83109,22.2746
710,345,437,59.7281,17.5923,0.62956,1.07266,21.439
711,174,329,168.164,2.90672,0.726381,0.651551,3.10075
712,427,60,-132.588,8.52234,0.5004,1.63564,11.4504
713,196,79,-105.213,15.637,1.92511,0.655888,15.8395
714,313,441,70.7683,11.9137,1.55479,1.83109,12.5935
715,74,429,45.2753,6.15368,1.84235,1.22585,8.36232
716,202,118,-62.5314,12.1976,1.93161,1.94024,17.2732
717,336,60,-135.909,9.46943,0.431237,1.63564,12.9434
718,311,210,6.7758,4.23967,1.56009,1.37166,5.53796
719,404,180,16.3574,17.2594,0.836431,1.22113,23.7872
720,334,29,-95.192,7.56682,0.373082,2.01379,8.86607
721,290,122,-165.243,9.62182,2.51167,0.547299,13.1723
722,360,267,67.5526,27.1631,1.05659,2.46927,30.1254
723,235,21,-110.076,27.876,1.39659,1.22852,29.9475
724,430,274,-114.143,25.8707,0.855161,1.58257,29.3995
725,377,387,177.234,1.79128,0.751816,0.990545,2.15012
726,250,178,-147.506,14.9243,1.59183,0.841034,21.0729
727,281,196,49.4409,14.286,0.94875,1.92511,18.9608
728,111,82,-166.047,14.1007,1.63083,1.05156,19.2356
729,128,366,117.655,2.79966,0.507688,0.411545,3.96505
730,313,320,-156.546,7.37711,1.55479,2.87325,10.379
731,15,440,61.8968,31.4438,2.01683,0.664025,37.3981
732,179,249,57.5712,8.33718,1.13492,1.52047,10.3867
733,95,199,75.2195,14.403,2.22673,2.00988,14.7261
734,288,246,35.9211,22.0275,1.14456,0.717982,30.94
735,164,209,49.4452,8.91758,1.78883,1.63418,11.8395
736,86,16,-129.998,6.7723,1.12296,1.12874,8.9532
737,58,418,88.2944,9.62125,1.69359,0.416824,11.7259
738,45,315,-52.5981,7.19128,1.86499,2.16993,10.0732
739,41,209,84.7029,17.3244,1.61688,1.63418,20.2813
740,248,205,-127.754,5.36238,1.60443,1.89795,6.98807
741,199,89,-90.7578,15.0485,2.00988,0.707871,18.4894
743,302,134,61.6203,15.4482,1.90947,2.50664,18.431
744,130,14,-97.4569,13.6369,2.22652,1.64898,15.5289
745,237,400,-115.178,27.1313,1.51771,1.01401,31.254
746,341,309,31.2548,18.3728,0.54993,2.07309,25.9636
747,381,131,-2.45224,11.4391,0.856569,1.64201,13.7724
748,35,423,-1.92683,3.95814,1.18783,1.12442,4.79595
749,137,60,-153.496,22.9926,1.88054,1.63564,32.4726
750,413,119,-73.8655,11.4703,1.40223,0.594544,15.8391
751,448,259,60.7892,13.4632,1.17333,1.46661,16.2348
752,249,137,-66.0308,14.2221,1.52047,1.88054,20.0682
753,101,108,8.02306,8.94684,0.833916,1.97088,11.7983
754,96,266,76.7162,17.0313,2.42462,0.906396,17.8433
755,86,133,42.4288,7.92907,1.12296,1.10109,10.9154
756,64,77,170.85,6.16359,1.52754,1.59963,6.84492
757,172,5,-87.7415,20.0622,1.02292,1.60997,25.3679
758,323,360,-156.898,9.29837,1.80489,1.05659,13.0722
759,447,7,-78.468,21.4331,1.37388,2.64471,28.9554
760,105,83,-163.069,9.87532,1.05872,0.762189,13.6438
761,312,364,118.314,15.5111,1.37693,0.308877,21.9719
762,121,405,45.6508,7.74989,0.502345,0.663035,10.5139
763,257,56,-98.3643,25.9966,2.53664,1.78471,29.1961
764,306,315,-54.2212,10.5129,0.696683,2.16993,14.7839
765,148,356,138.139,3.49699,1.30889,1.09758,4.67803
766,251,239,-2.26373,9.75476,2.17766,2.72185,11.752
767,98,32,-138.82,8.91497,1.31794,1.66754,12.3327
768,252,365,-170.747,10.4296,2.06265,0.591069,13.8596
769,288,251,50.1105,16.8382,1.14456,2.17766,22.2571
770,393,412,148.266,5.54164,1.31808,0.634269,6.84258
771,226,74,-85.9532,17.9602,1.85914,1.84235,23.0488
772,236,99,-121.686,21.8729,1.59041,1.04803,27.0701
773,228,102,-121.293,18.5321,1.10258,0.960198,22.8455
774,8,288,123.406,19.5678,1.66732,1.14456,27.63
775,346,313,-79.7722,18.0914,1.10322,1.55479,24.2601
776,63,19,-123.075,6.01725,2.01899,2.11967,7.53205
777,150,33,-134.81,19.0967,1.81516,1.50814,25.9721
778,327,385,-148.795,25.2923,2.56219,1.08795,35.7459
779,365,363,-99.2408,3.53555,0.591069,1.31235,3.93107
780,360,1,158.323,5.59917,1.05659,0.667705,6.12688
781,407,239,33.0039,21.5512,0.536268,2.72185,30.4108
782,49,108,101.751,6.63542,2.11431,1.97088,8.9822
783,67,410,59.5399,12.7188,2.54402,0.371697,15.5204
784,162,244,36.4176,20.5084,0.619892,1.56793,28.7768
785,169,186,163.213,6.30172,1.66194,1.17155,6.39931
786,129,113,44.7042,20.1198,0.559703,0.978771,27.426
788,284,150,18.8357,15.4479,0.522377,1.81516,21.4847
789,281,97,-94.1047,1.40221,0.94875,1.2841,1.66377
790,331,332,-103.357,3.72723,0.714522,0.341666,3.89466
791,136,178,153.751,12.5126,1.87808,0.841034,14.5534
792,92,30,-80.1615,4.54029,2.21385,2.54249,6.07792
793,346,135,-119.8,6.82326,1.10322,0.487222,8.28099
794,78,158,38.0283,25.3044,0.879978,0.870327,35.3581
795,342,391,-178.209,4.77323,0.647644,1.30558,5.99265
796,246,407,-141.603,19.5758,0.717982,0.536268,27.3416
797,391,98,-21.4405,8.675,1.30558,1.31794,9.46505
798,78,267,54.5949,33.1542,0.879978,2.46927,42.357
799,156,313,-77.5619,14.7622,1.60087,1.55479,20.0447
800,350,339,-104.11,6.28499,0.856806,0.444211,6.48939
801,207,434,-78.7535,3.39055,1.33989,1.07103,4.57292
802,4,277,-174.399,5.07818,0.971957,2.06588,6.58567
803,3,423,156.908,13.0646,2.23449,1.12442,14.5655
804,19,325,108.342,11.8972,2.11967,1.40343,16.5711
805,162,317,-62.3531,23.5507,0.619892,2.50369,33.3527
806,273,291,102.807,18.4689,1.6472,1.75412,25.1465
807,139,355,0.126574,5.37553,0.502924,1.57198,6.64406
808,435,282,-131.298,14.6482,0.938486,1.23016,19.5416
809,311,83,-128.397,21.1279,1.56009,0.762189,27.6533
810,60,79,15.8806,9.23762,1.63564,0.655888,12.7122
811,171,371,-106.405,14.4697,2.37226,1.05725,14.6406
812,152,93,-119.032,8.5397,2.02065,0.931073,10.2758
813,421,452,56.1722,17.4876,0.700186,0.726054,22.0495
814,205,285,-84.8332,11.8008,1.89795,2.24744,15.2823
815,361,3,-42.0859,15.5855,0.60154,2.23449,20.8707
816,436,1,-135.504,20.9823,1.14058,0.667705,28.643
817,231,30,-102.423,23.3402,0.854883,2.54249,24.73
818,282,364,127.666,7.67863,1.23016,0.308877,10.7499
819,194,373,-125.558,18.2442,0.952134,1.0714,23.3637
820,356,242,40.8583,14.3073,1.09758,1.25847,19.8222
821,442,327,47.3501,20.8952,1.03723,2.56219,28.0864
822,325,433,49.2426,12.4407,1.40343,0.912284,16.5335
823,130,152,133.245,2.66564,2.22652,2.02065,3.6587
824,279,256,126.109,1.91837,1.53179,2.46133,2.69709
825,241,22,-109.444,27.7966,1.16337,1.64582,29.5778
826,263,232,-124.374,9.11827,2.75451,1.32529,11.5717
827,122,91,-117.236,5.57266,0.547299,0.695919,6.57031
829,229,382,-146.016,19.4429,1.37489,0.749775,27.4041
830,77,98,71.7028,1.79217,1.59963,1.31794,1.86794
831,369,167,73.6251,1.23811,0.435982,0.635606,1.25154
832,201,239,17.5484,16.809,1.20268,2.72185,23.2683
833,118,135,171.672,14.5073,1.94024,0.487222,16.2805
834,335,126,62.4608,2.12378,0.429591,0.434154,2.51222
835,137,177,108.567,5.98704,1.88054,1.7717,8.34212
836,70,349,70.1941,15.6253,1.2516,0.917168,16.6718
837,140,440,57.972,16.7002,1.20027,0.664025,20.7154
838,419,98,-30.7045,6.35108,0.499753,1.31794,7.76135
839,82,65,-125.562,2.07093,1.05156,1.85623,2.6492
840,353,90,-41.6481,4.54005,0.942108,1.73222,6.06444
842,370,95,148.092,8.51591,0.921297,2.22673,10.5253
843,292,157,25.1441,8.76424,0.361574,2.53252,12.3605
844,403,326,46.3533,6.70321,0.870607,1.63793,9.0646
845,373,220,64.8353,19.1389,1.0714,1.55302,21.9974
846,175,405,-169.11,7.52022,2.4046,0.663035,10.0909
847,172,317,-72.3713,24.5311,1.02292,2.50369,34.0676
848,355,153,139.179,3.98578,1.57198,1.19624,5.29684
849,156,259,60.467,14.4161,1.60087,1.46661,17.4421
850,425,59,-125.502,6.59971,0.521493,1.29884,8.44034
852,0,66,-130.804,7.73755,0.674357,2.37246,10.2859
853,4,262,75.7547,34.6708,0.971957,3.08878,35.8133
854,172,42,-97.5716,15.7053,1.02292,1.65002,17.8471
855,7,421,128.015,13.93,2.64471,0.700186,19.4784
856,228,27,-90.3158,23.5977,1.10258,2.13493,29.1138
857,229,193,-167.157,14.575,1.37489,1.10524,19.7623
858,425,391,142.154,2.73022,0.521493,1.30558,3.55311
859,91,117,108.313,3.37956,0.695919,0.856662,4.70589
860,292,42,-90.3871,10.3831,0.361574,1.65002,12.8134
861,421,226,69.785,14.984,0.700186,1.85914,16.0979
862,383,337,-75.2596,2.89673,0.665325,0.485477,3.97782
864,91,346,70.9282,12.7695,0.695919,1.10322,13.4749
865,259,311,-105.953,5.74988,1.46661,1.56009,5.78189
866,449,105,-92.2512,8.41707,1.67726,1.05872,10.1868
867,271,95,-120.114,31.4721,2.01715,2.22673,38.3757
868,453,140,-110.582,18.6313,1.82795,1.20027,20.1786
869,414,310,60.7381,3.78793,0.836441,1.96217,4.57133
870,17,130,32.7941,20.0259,2.54829,2.22652,28.2595
872,30,253,69.3405,27.1689,2.54249,1.5057,29.3528
873,289,247,42.6824,19.4689,0.388329,1.26248,26.7813
874,150,51,-137.374,15.6334,1.81516,0.928641,21.5112
876,219,337,-138.178,21.9103,1.10468,0.485477,30.2539
877,145,374,-84.7001,9.63174,0.418405,1.72157,12.4934
878,16,58,28.5639,4.31339,1.12874,1.69359,6.09844
879,280,15,-126.449,25.0714,1.20217,2.01683,32.3331
880,323,282,-164.835,9.58476,1.80489,1.23016,13.1468
881,30,166,111.184,16.6343,2.54249,0.857722,23.3532
882,337,150,24.5898,15.9562,0.485477,1.81516,22.4879
883,99,291,47.8693,9.3686,1.04803,1.75412,12.5527
884,454,300,-148.846,17.5269,0.969905,1.24199,24.7722
885,314,270,65.8604,31.8056,1.39732,2.4,36.0557
886,29,399,138.562,6.79806,2.01379,1.42578,9.06382
887,156,158,25.2752,12.4502,1.60087,0.870327,17.5618
888,228,266,11.9742,1.7284,1.10258,0.906396,2.3328
889,278,139,114.433,15.3413,2.04678,0.502924,21.6685
890,59,269,47.9001,30.5195,1.29884,0.872352,40.8796
891,293,431,51.5508,7.85231,2.59383,0.860499,10.278
892,42,220,60.688,23.9746,1.65002,1.55302,28.904
893,13,450,60.1023,16.3323,1.81345,1.27784,19.8064
894,279,220,-76.2855,3.7765,1.53179,1.55302,5.15842
895,324,27,-61.5408,11.4617,1.60028,2.13493,16.2359
896,124,92,-30.7479,9.35141,0.561576,2.21385,11.4333
897,295,289,112.173,12.9294,1.489,0.388329,18.1915
898,35,375,19.3863,7.10487,1.18783,0.739681,9.89979
899,96,143,147.203,11.3304,2.42462,0.363411,14.1298
900,282,329,104.501,10.5158,1.23016,0.651551,14.427
902,391,13,-82.2852,11.8045,1.30558,1.81345,15.5841
903,49,127,138.514,12.9637,2.11431,0.431199,17.2911
904,405,72,-127.179,14.8224,0.663035,0.812467,19.2203
907,116,63,-87.47,5.05794,1.89197,2.01899,6.41486
908,252,119,-131.549,6.53171,2.06265,0.594544,8.72484
909,96,8,-94.4884,9.58349,2.42462,1.66732,11.323
910,49,450,101.491,11.0151,2.11431,1.27784,14.8898
911,396,241,57.4068,9.84095,0.668205,1.16337,12.2771
912,293,60,-141.3,20.7431,2.59383,1.63564,28.9376
913,23,220,66.1331,25.6784,1.4537,1.55302,29.0052
914,58,452,55.9212,25.7878,1.69359,0.726054,32.5696
915,90,128,153.262,7.45337,1.73222,0.507688,8.71537
916,103,50,-149.947,9.07568,3.08273,0.834076,12.8313
917,174,172,164.34,1.57865,0.726381,1.02292,1.58287
918,18,162,104.621,16.6523,1.84612,0.619892,22.8655
919,180,222,171.24,11.3096,1.22113,1.08868,12.6027
920,61,29,-30.6961,5.30976,0.631792,2.01379,6.48414
921,44,207,66.6493,21.4438,1.61248,1.33989,24.0632
922,8,315,-151.313,2.62918,1.66732,2.16993,3.71733
923,213,73,-81.0937,19.0303,1.57228,2.8281,25.3054
924,33,431,57.6039,24.3153,1.50814,0.860499,30.2389
925,66,364,58.6225,10.0524,2.37246,0.308877,12.3823
926,85,75,-143.788,3.01001,3.06446,1.87882,4.2246
927,404,293,-3.51814,9.75592,0.836431,2.59383,11.6047
928,5,172,92.0863,20.0622,1.60997,1.02292,25.3679
929,92,195,110.19,14.6835,2.21385,1.31998,20.561
930,265,206,178.92,7.65453,1.58783,1.35894,9.34106
931,337,208,71.6764,14.6039,0.485477,1.42226,15.2339
932,424,19,-36.092,10.2522,0.376448,2.11967,13.1571
933,441,434,65.0256,7.25002,1.83109,1.07103,8.3185
934,144,101,-124.836,6.28488,0.987665,0.833916,7.99541
935,228,126,-128.785,16.7137,1.10258,0.434154,21.9389
936,293,281,-153.652,13.9381,2.59383,0.94875,19.6821
937,115,188,104.315,7.8089,2.23047,0.687633,10.7027
938,370,227,85.9503,21.3175,0.921297,1.34559,25.3275
939,258,193,-151.561,14.9395,0.83414,1.10524,21.1223
940,331,253,27.4845,18.6388,0.714522,1.5057,26.3427
941,442,282,-138.58,2.38604,1.03723,1.23016,3.29811
942,313,116,58.8538,10.1906,1.55479,1.89197,12.5189
943,303,106,43.4416,12.4312,1.72993,0.966679,17.0355
944,117,151,20.5306,16.5498,0.856662,2.26984,23.132
945,234,139,-145.293,22.6307,2.01465,0.502924,31.8628
946,168,57,-110.082,13.9313,1.01711,1.56687,14.9498
947,256,84,1.1405,1.60746,2.46133,2.02414,2.00346
948,280,190,172.966,7.19205,1.20217,1.57965,8.20071
950,211,28,-126.022,22.2987,0.87991,1.11409,28.6585
951,323,314,-126.446,13.2787,1.80489,1.39732,17.1138
952,38,139,61.1903,12.6417,1.9737,0.502924,15.156
953,174,20,-68.3615,17.2481,0.726381,2.62577,24.2328
955,108,250,74.9139,18.154,1.97088,1.59183,18.4613
956,437,101,-127.03,21.6257,1.07266,0.833916,28.026
957,229,175,-139.891,8.79493,1.37489,2.4046,12.2194
958,319,149,84.7701,20.1402,2.12158,2.86329,23.619
959,419,218,32.942,22.3471,0.499753,1.38041,31.5341
960,135,223,40.4716,17.9022,0.487222,0.932138,24.8335
961,234,185,-82.0585,3.18379,2.01465,2.0957,4.20628
962,255,221,-152.264,10.3781,2.49985,1.19522,14.6691
963,404,446,8.51036,4.74841,0.836431,1.1571,6.27906
964,45,286,41.5597,10.7276,1.86499,2.28737,14.8171
965,369,306,-79.7709,9.21001,0.435982,0.696683,12.3531
966,392,413,64.648,8.37909,2.221,1.40223,9.66014
967,307,23,-126.196,25.1477,1.05525,1.4537,32.3686
968,116,225,64.9746,15.5007,1.89197,1.70418,17.792
969,8,120,64.2128,12.3855,1.66732,2.06116,14.3336
970,262,308,-81.2037,11.0936,3.08878,1.93637,14.7347
971,178,131,-26.6317,15.4728,0.841034,1.64201,18.0899
972,263,31,-108.767,33.0549,2.75451,1.48641,34.8356
973,35,46,-4.05944,8.95722,1.18783,1.16412,10.6036
974,195,4,-75.6676,23.1104,1.31998,0.971957,31.6663
975,310,137,-35.3656,15.1762,1.96217,1.88054,19.3839
976,412,59,-104.248,10.7805,0.634269,1.29884,11.1095
977,59,406,68.5071,11.3992,1.29884,0.414504,12.4679
978,389,57,-89.3963,12.8934,1.21783,1.56687,16.0597
979,329,153,-73.667,3.32325,0.651551,1.19624,4.59303
980,334,50,-58.2216,6.83132,0.373082,0.834076,9.66487
981,211,399,-148.855,24.7115,0.87991,1.42578,34.9241
982,205,312,-93.0048,21.6008,1.89795,1.37693,25.9178
983,372,374,-151.383,3.13711,1.09844,1.72157,4.43544
984,403,428,-100.136,15.8593,0.870607,1.51572,17.3967
985,64,246,77.3378,23.1292,1.52754,0.717982,24.4801
986,392,115,-3.731,18.1375,2.221,2.23047,21.5307
987,251,191,-117.935,8.39652,2.17766,2.08683,9.99529
988,19,434,75.9573,19.7763,2.11967,1.07103,20.4907
990,125,237,90.5703,14.0082,2.08132,1.51771,17.45
991,386,296,6.38614,15.6057,0.554403,2.14162,20.3409
992,46,291,83.2315,11.5249,1.16412,1.75412,13.2548
993,288,220,32.7972,16.1126,1.14456,1.55302,22.7411
994,121,35,-110.284,9.08545,0.502345,1.18783,9.77235
995,229,248,162.68,7.30189,1.37489,1.60443,7.4887
996,162,118,-16.6383,17.0058,0.619892,1.94024,17.2195
997,41,23,-147.496,10.1585,1.61688,1.4537,14.3398
998,216,34,-99.7079,22.2505,1.55574,2.26404,24.5457
999,286,113,76.7415,16.8901,2.28737,0.978771,17.6978
1000,322,239,54.7316,28.3,2.00078,2.72185,36.1119
1002,309,88,-139.206,20.1524,2.07309,0.534714,27.9289
1003,344,256,70.498,22.443,0.800883,2.46133,23.8445
1004,305,394,90.445,15.6617,1.46521,1.92365,19.5047
1005,58,305,-86.5089,2.93732,1.69359,1.46521,3.75774
1006,128,391,-172.531,3.67717,0.507688,1.30558,4.82985
1007,321,402,91.8798,22.9988,2.51098,0.64215,29.0305
1008,89,399,-175.855,6.17753,0.707871,1.42578,7.91618
1009,410,296,-8.61896,14.0857,0.371697,2.14162,15.7389
1010,351,355,-31.7064,2.18344,1.02098,1.57198,2.69582
1011,42,126,80.3784,8.81488,1.65002,0.434154,9.76108
1012,150,413,160.36,15.6391,1.81516,1.40223,16.623
1013,104,72,-166.13,13.1317,1.48667,0.812467,17.9071
1014,351,137,-0.159816,11.5941,1.02098,1.88054,14.2889
1015,212,445,-145.526,16.3598,0.902772,0.932443,23.0415
1016,439,423,-130.419,26.3533,0.838168,1.12442,34.9704
1017,176,256,123.837,13.1129,2.55333,2.46133,18.5096
1018,52,313,-114.599,3.3894,2.98113,1.55479,3.86675
1019,16,403,64.3057,21.5771,1.12874,0.870607,24.9491
1020,246,154,-140.906,19.9328,0.717982,0.367763,27.7846
1021,212,354,-123.992,18.5517,0.902772,1.02028,23.4486
1022,136,338,-161.852,10.6495,1.87808,0.48081,14.7763
1023,145,365,-172.273,1.58322,0.418405,0.591069,2.08301
1024,87,425,164.281,11.0557,1.61365,0.521493,11.0925
1025,444,65,-115.152,11.1743,1.45182,1.85623,12.8522
1026,55,13,-156.208,15.6377,2.62349,1.81345,22.0124
1027,133,1,-154.875,6.13674,1.10109,0.667705,8.65463
1029,111,394,156.753,16.4895,1.63083,1.92365,18.448
1030,325,444,124.166,4.35752,1.40343,1.45182,6.14692
1031,376,169,70.8917,12.9527,0.657116,1.66194,13.6743
1032,372,140,64.2441,8.79989,1.09844,1.20027,10.1871
1033,283,358,167.698,6.13574,1.97874,0.894648,6.50624
1034,146,142,-174.711,9.72091,2.00477,1.42327,12.5641
1035,452,188,-81.0966,5.0736,0.726054,0.687633,6.74605
1036,211,378,-141.587,19.6269,0.87991,0.483672,27.4048
1037,16,290,36.7322,21.6635,1.12874,2.51167,30.3659
1038,24,104,43.9636,12.7143,1.31149,1.48667,17.3819
1039,364,229,28.0266,21.3208,0.308877,1.37489,30.1409
1041,296,329,155.148,13.7484,2.14162,0.651551,15.7147
1042,139,121,-146.194,1.63493,0.502924,0.502345,2.30454
1043,377,178,90.8098,10.2581,0.751816,0.841034,12.811
1044,427,63,-21.3492,13.9312,0.5004,2.01899,15.1777
1045,35,234,43.8556,32.1189,1.18783,2.01465,43.9397
1046,267,436,-93.7217,8.40859,2.46927,1.14058,9.99949
1047,313,261,80.8262,29.4987,1.55479,2.80345,32.8752
1048,427,149,26.8379,14.0061,0.5004,2.86329,19.787
1049,341,349,93.7741,9.31981,0.54993,0.917168,11.9453
1050,252,266,61.6662,11.4224,2.06265,0.906396,13.6408
1051,375,368,169.855,5.15398,0.739681,1.07912,5.64455
1052,293,197,46.4906,8.1597,2.59383,0.83963,11.0239
1053,282,422,-137.627,1.75404,1.23016,0.641813,2.41536
1054,188,155,-149.768,9.09844,0.687633,1.7136,12.8638
1055,132,245,45.6847,18.9341,0.753028,0.875738,25.6844
1056,16,405,60.2061,18.4492,1.12874,0.663035,22.353
1057,245,187,-87.0793,6.21262,0.875738,1.01372,7.89673
1059,440,261,143.727,5.04209,0.664025,2.80345,6.49053
1060,203,209,179.238,5.53471,1.07847,1.63418,6.77552
1061,407,106,-64.8636,7.16837,0.536268,0.966679,10.1321
1062,309,220,147.867,6.95834,2.07309,1.55302,8.63183
1063,83,96,9.1904,13.6333,0.762189,2.42462,18.1177
